{
  "requirements": [
    {
      "description": "1 - Crie um endpoint para o cadastro de produtos",
      "bonus": false
    },
    {
      "description": "2 - Crie um endpoint para listar os produtos",
      "bonus": false
    },
    {
      "description": "3 - Crie um endpoint para atualizar um produto",
      "bonus": false
    },
    {
      "description": "4 - Crie um endpoint para deletar um produto",
      "bonus": false
    },
    {
      "description": "5 - Crie um endpoint para cadastrar vendas",
      "bonus": false
    },
    {
      "description": "6 - Crie um endpoint para listar as vendas",
      "bonus": false
    },
    {
      "description": "7 - Crie um endpoint para atualizar uma venda",
      "bonus": false
    },
    {
      "description": "8 - Crie um endpoint para deletar uma venda",
      "bonus": false
    },
    {
      "description": "9 - Atualize a quantidade de produtos",
      "bonus": true
    },
    {
      "description": "10 - Valide a quantidade de produtos",
      "bonus": true
    }
  ]
}
